{"cameraMode":{"drawMode":0,"name":"Shaded","section":"Shading Mode"},"sceneLighting":false,"audioPlay":false,"sceneViewState":{"showFog":true,"showMaterialUpdate":false,"showSkybox":false,"showFlares":true,"showImageEffects":true,"showParticleSystems":true},"in2DMode":false,"pivot":{"x":529.5048217773438,"y":378.92974853515627,"z":-1.87060546875},"rotation":{"x":0.006842353846877813,"y":-0.9934056997299194,"z":0.0836283341050148,"w":0.07908337563276291},"size":550.726806640625,"orthographic":false}