{"cameraMode":{"drawMode":0,"name":"Shaded","section":"Shading Mode"},"sceneLighting":false,"audioPlay":false,"sceneViewState":{"showFog":true,"showMaterialUpdate":false,"showSkybox":false,"showFlares":true,"showImageEffects":true,"showParticleSystems":true},"in2DMode":false,"pivot":{"x":-0.27953940629959109,"y":1.3579055070877076,"z":-3.8400402069091799},"rotation":{"x":-0.20373210310935975,"y":0.571138322353363,"z":-0.1487625390291214,"w":-0.7812221646308899},"size":1.2725670337677003,"orthographic":false}