{"cameraMode":{"drawMode":0,"name":"Shaded","section":"Shading Mode"},"sceneLighting":true,"audioPlay":false,"sceneViewState":{"showFog":true,"showMaterialUpdate":false,"showSkybox":true,"showFlares":true,"showImageEffects":true,"showParticleSystems":true},"in2DMode":false,"pivot":{"x":6.532516956329346,"y":-3.80275297164917,"z":-0.46164655685424807},"rotation":{"x":0.3839097321033478,"y":-0.1284330040216446,"z":0.05416948348283768,"w":0.9129084944725037},"size":15.686861038208008,"orthographic":false}