{"cameraMode":{"drawMode":0,"name":"Shaded","section":"Shading Mode"},"sceneLighting":false,"audioPlay":false,"sceneViewState":{"showFog":true,"showMaterialUpdate":false,"showSkybox":false,"showFlares":true,"showImageEffects":true,"showParticleSystems":true},"in2DMode":false,"pivot":{"x":0.02804511785507202,"y":0.14133654534816743,"z":0.04956179857254028},"rotation":{"x":-0.2872990369796753,"y":0.22762057185173036,"z":-0.07049573212862015,"w":-0.9277438521385193},"size":2.630424976348877,"orthographic":false}