{"cameraMode":{"drawMode":0,"name":"Shaded","section":"Shading Mode"},"sceneLighting":false,"audioPlay":false,"sceneViewState":{"showFog":true,"showMaterialUpdate":false,"showSkybox":false,"showFlares":true,"showImageEffects":true,"showParticleSystems":true},"in2DMode":false,"pivot":{"x":1.1736218929290772,"y":1.3396804332733155,"z":4.261733531951904},"rotation":{"x":0.281952440738678,"y":-0.41094809770584109,"z":0.13520894944667817,"w":0.8564575910568237},"size":6.607227325439453,"orthographic":false}