{"cameraMode":{"drawMode":0,"name":"Shaded","section":"Shading Mode"},"sceneLighting":false,"audioPlay":false,"sceneViewState":{"showFog":true,"showMaterialUpdate":false,"showSkybox":false,"showFlares":true,"showImageEffects":true,"showParticleSystems":true},"in2DMode":false,"pivot":{"x":-1.1920928955078126e-7,"y":0.776289701461792,"z":-0.2838158905506134},"rotation":{"x":-0.10361158102750778,"y":0.015884684398770334,"z":-0.0015351504553109408,"w":-0.9945716261863709},"size":1.8624526262283326,"orthographic":false}