{"cameraMode":{"drawMode":0,"name":"Shaded","section":"Shading Mode"},"sceneLighting":true,"audioPlay":false,"sceneViewState":{"showFog":true,"showMaterialUpdate":false,"showSkybox":true,"showFlares":true,"showImageEffects":true,"showParticleSystems":true},"in2DMode":false,"pivot":{"x":274.7164611816406,"y":369.61468505859377,"z":0.590362548828125},"rotation":{"x":-0.004200170747935772,"y":-0.004150987137109041,"z":0.0001542918907944113,"w":-1.0000605583190919},"size":336.3406066894531,"orthographic":false}