{"cameraMode":{"drawMode":0,"name":"Shaded","section":"Shading Mode"},"sceneLighting":false,"audioPlay":false,"sceneViewState":{"showFog":true,"showMaterialUpdate":false,"showSkybox":false,"showFlares":true,"showImageEffects":true,"showParticleSystems":true},"in2DMode":false,"pivot":{"x":-1.5440196990966797,"y":1.0156577825546265,"z":0.38238638639450076},"rotation":{"x":-0.09599553793668747,"y":0.8430423736572266,"z":-0.1601468175649643,"w":-0.5045593976974487},"size":1.4799485206604005,"orthographic":false}