{"cameraMode":{"drawMode":0,"name":"Shaded","section":"Shading Mode"},"sceneLighting":false,"audioPlay":false,"sceneViewState":{"showFog":true,"showMaterialUpdate":false,"showSkybox":false,"showFlares":true,"showImageEffects":true,"showParticleSystems":true},"in2DMode":false,"pivot":{"x":3.0032191276550295,"y":1.2000000476837159,"z":2.637138605117798},"rotation":{"x":0.06019437313079834,"y":-0.9300411343574524,"z":0.17643442749977113,"w":0.31693235039711},"size":10.0,"orthographic":false}