{"cameraMode":{"drawMode":0,"name":"Shaded","section":"Shading Mode"},"sceneLighting":true,"audioPlay":false,"sceneViewState":{"showFog":true,"showMaterialUpdate":false,"showSkybox":true,"showFlares":true,"showImageEffects":true,"showParticleSystems":true},"in2DMode":false,"pivot":{"x":309.0338134765625,"y":784.6522827148438,"z":24.27264404296875},"rotation":{"x":-0.03299583122134209,"y":-0.004744990263134241,"z":0.0003136218583676964,"w":-0.9995177388191223},"size":274.6886901855469,"orthographic":false}