{"cameraMode":{"drawMode":0,"name":"Shaded","section":"Shading Mode"},"sceneLighting":true,"audioPlay":false,"sceneViewState":{"showFog":true,"showMaterialUpdate":false,"showSkybox":true,"showFlares":true,"showImageEffects":true,"showParticleSystems":true},"in2DMode":false,"pivot":{"x":1143.1578369140625,"y":1072.2606201171875,"z":-12.13226318359375},"rotation":{"x":0.04767151176929474,"y":0.00210195011459291,"z":0.00009486554336035624,"w":-0.9988818764686585},"size":260.3375244140625,"orthographic":false}