{"cameraMode":{"drawMode":0,"name":"Shaded","section":"Shading Mode"},"sceneLighting":true,"audioPlay":false,"sceneViewState":{"showFog":true,"showMaterialUpdate":false,"showSkybox":true,"showFlares":true,"showImageEffects":true,"showParticleSystems":true},"in2DMode":false,"pivot":{"x":875.670166015625,"y":516.428466796875,"z":15.93023681640625},"rotation":{"x":-0.00150146777741611,"y":0.005748634226620197,"z":0.00014640491281170398,"w":-1.0000585317611695},"size":707.504638671875,"orthographic":false}