{"cameraMode":{"drawMode":0,"name":"Shaded","section":"Shading Mode"},"sceneLighting":true,"audioPlay":false,"sceneViewState":{"showFog":true,"showMaterialUpdate":false,"showSkybox":false,"showFlares":true,"showImageEffects":true,"showParticleSystems":true},"in2DMode":false,"pivot":{"x":-0.2944315969944,"y":1.8519619703292847,"z":0.10835826396942139},"rotation":{"x":-0.001283183810301125,"y":0.9939861297607422,"z":-0.10988403111696243,"w":-0.010357324965298176},"size":2.7273616790771486,"orthographic":false}