{"cameraMode":{"drawMode":0,"name":"Shaded","section":"Shading Mode"},"sceneLighting":false,"audioPlay":false,"sceneViewState":{"showFog":true,"showMaterialUpdate":false,"showSkybox":false,"showFlares":true,"showImageEffects":true,"showParticleSystems":true},"in2DMode":false,"pivot":{"x":-1.649892807006836,"y":1.320680856704712,"z":-4.905299663543701},"rotation":{"x":-0.06556686013936997,"y":0.7064666748046875,"z":-0.06577553600072861,"w":-0.7017289400100708},"size":3.9503543376922609,"orthographic":false}