{"cameraMode":{"drawMode":0,"name":"Shaded","section":"Shading Mode"},"sceneLighting":false,"audioPlay":false,"sceneViewState":{"showFog":true,"showMaterialUpdate":false,"showSkybox":false,"showFlares":true,"showImageEffects":true,"showParticleSystems":true},"in2DMode":false,"pivot":{"x":-1.1920928955078126e-7,"y":1.207661747932434,"z":-3.631810426712036},"rotation":{"x":-0.4020690619945526,"y":0.13366350531578065,"z":-0.05930958315730095,"w":-0.9039363265037537},"size":1.2166495323181153,"orthographic":false}